Sr No,Product Name,,BoM,Material,Surface Finish,Surface Area(mm2),Thickness(mm),Unit Weight(kg),Total Weight(kg),UoM,Quantity
1,DR02-04-05-003,WASHER FOR BACK DOOR HINGE GAP,"DR02-04-01-000SA_R3] SMALL DRAWER MAIN ASSEMBLY 5 MM INCREASED HEIGHT, DR02-04-05-000SA_R1] BIG DRAWER MAIN ASSEMBLY 5 MM INCREASED HEIGHT, MD01-02-00-000MA_R1] MFD DRAWER MAIN ASSEMBLY",AISI 304,STANDARD,92.28,0.6,0.16,12.8,Unit,80
,,,,,,,,,,,
2,MD01-02-01-006,DRAWER SLIDER SPACER 1 MM,"DR02-04-03-000SA_R1] CANISTER SLIDE-LEFT, DR02-04-04-000SA_R1] CANISTER SLIDE-RIGHT, DR02-04-11-000SA_R1] CANISTER SLIDE-LEFT, DR02-04-12-000SA_R1] CANISTER SLIDE-RIGHT, MD01-02-10-000SA] MFD CANISTER BUCKET RIGHT, MD01-02-08-000SA] MFD CANISTER BUCKET LEFT",AISI 304,STANDARD,26072.99,1,0.1,32,Unit,320
3,DR02-04-18-004_R1,GASKET MTG PLATE,"DR02-04-18-000SA] DRAWER FRONT PANEL, DR02-04-19-000SA] DRAWER FRONT PANEL",AISI 304,STANDARD,7527.3,1,0.03,3,Unit,100
4,DR02-04-20-004,GASKET MTG PLATE,"DR02-04-20-000SA] DRAWER FRONT PANEL, DR02-04-21-000SA] DRAWER FRONT PANEL",AISI 304,STANDARD,7527.3,1,0.03,1.2,Unit,40
5,MD01-02-07-003,GASKET MTG PLATE,"MD01-02-09-000SA] DRAWER FRONT PANEL-RIGHT, MD01-02-07-000SA] DRAWER FRONT PANEL-LEFT",AISI 304,POWDER COATING,5522,1,0.02,0.4,Unit,20
6,PR05-11-01-015,GASKET MOUNTING PLATE,PR05-15-16-000SA] PRINTER DOOR,AISI 304,Standard,3924.58,1,0.01,0.02,Unit,2
7,PR05-15-16-020,GASKET MOUNTING PLATE,PR05-15-16-000SA] PRINTER DOOR,AISI 304,Standard,4308.58,1,0.02,0.04,Unit,2
8,CL04-10-04-009,GASKET MOUNTING PLATE,CL04-10-04-000SA] CPLT DOOR,AISI 304,Standard,14966.46,1,0.05,0.1,Unit,2
9,PS07-21-06-006,GASKET STRIP,"PS07-28-07-000SA] DOOR-2, PS07-29-08-000SA] DOOR-1, PS07-28-08-000SA] DOOR-1",AISI 304,Standard,14942.46,1,0.05,0.6,Unit,12
10,PS07-28-07-012,GASKET STRIP 1,PS07-28-07-000SA] DOOR-2,AISI 304,Standard,24759.38,1,0.09,0.36,Unit,4
11,CP03-22-03-009,GASKET MOUNTING PLATE,"UL08-08-09-000SA] UNLOADING DOOR, SR05-06-14-000SA] ASRS DOOR W/O INDICATION (LEFT), SR05-06-15-000SA] ASRS DOOR WITH INDICATION (LEFT), CP03-30-03-000SA] RIGHT SIDE CP DOOR-1 WITH INDICATION LIGHT, AV01-08-04-000SA] AV DOOR, HS06-04-08-000SA] HS DOOR",AISI 304,Standard,13622.46,1,0.05,0.6,Unit,12
12,DD01-04-40-018_R1,FORK SENSING PLATE,DD01-04-40-000SA_R6] GANTRY PF TRAY,AISI 304,STANDARD,8422.29,1,0.03,0.06,Unit,2
13,DD01-04-40-030,FORK SENSING PLATE,DD01-04-40-000SA_R6] GANTRY PF TRAY,AISI 304,STANDARD,8422.29,1,0.03,0.06,Unit,2
14,SC09-03-35-003,MOTOR ASSEMBLY SPACER-1,SC09-03-36-000SA] DOSECAR MOTOR ASSEMBLY,AISI 304,BUFFING,1404.92,1,0,0,Unit,40
15,CS04-23-021SM,GASKET MTG PLATE 1,CS04-23-000SA_R2] CSR V4 SMALL CANISTER (4 DRAWERS),AISI 304,STANDARD,13802.88,1,0.05,0.8,Unit,16
16,CS04-23-022SM,GASKET MTG PLATE 2,CS04-23-000SA_R2] CSR V4 SMALL CANISTER (4 DRAWERS),AISI 304,STANDARD,13477.88,1,0.05,0.8,Unit,16
17,CS04-28-022SM,GASKET MTG PLATE 3 BIG CAGE,CS04-28-000SA_R2] CSR V4 BIG CANISTER (4 DRAWERS),AISI 304,STANDARD,16415.88,1,0.06,0.48,Unit,8
18,CS04-28-023SM,GASKET MTG PLATE 3 BIG CAGE,CS04-28-000SA_R2] CSR V4 BIG CANISTER (4 DRAWERS),AISI 304,STANDARD,16077.88,1,0.06,0.48,Unit,8
19,US04-21-02-021,GASKET STRIP,US04-24-02-000SA] DOOR,AISI 304,STANDARD,12711.7,1,0.05,0.2,Unit,4
20,MB04-04-17-014,GASKET MOUNTING PLATE,MB04-07-01-000SA_R1] MB STRUCTURE,AISI 304,Standard,11081,1,0.04,0.16,Unit,4
21,MB04-07-14-010,GASKET PLATE,MB04-07-14-000SA_R1] DOOR ASSEMBLY,AISI 304,Standard,13746.19,1,0.05,0.2,Unit,4
22,SC09-03-60-002,CAR SIDE STICKER,SC09-03-60-000SA_R6] DoseCar,0,STANDARD,4020.88,1,0,0,Unit,40
23,,,,,,,,,,,
24,CP03-00-07-010,MCB CLAMP,"PR05-15-08-000SA] JUNCTION BOX, PS07-28-23-000SA] PACK SEPARATOR JUNCTION BOX",AISI 304,STANDARD,14840.8,1.2,0.06,0.36,Unit,6
25,CL04-02-22-001,CONTACTOR MOUNTING CLAMP,"PR05-15-25-000SA] JUNCTION BOX, CL04-10-03-000SA] CL04-TOP JUNCTION BOX",AISI 304,STANDARD,12176.47,1.2,0.05,0.2,Unit,4
26,PS07-02-03-003,PACK SEPARATOR DISK,PS07-02-03-000SA] PACK LIFTER,AISI 304,STANDARD,6030.47,1.2,0.03,0.48,Unit,16
27,UL08-07-06-003,CONTACTOR MOUNTING CLAMP,UL08-07-06-000SA] UL JUNCTION BOX,AISI 304,Standard,7441.13,1.2,0.03,0.06,Unit,2
28,CS04-27-010SM,MCB MTG. CLAMP,CS04-27-000SA_R1] CSR V4 JUNCTION BOX,AISI 304,POWDER COATING,16944.09,1.2,0.07,0.28,Unit,4
29,CP03-10-03-006,CONTACTOR MOUNTING CLAMP,CP03-30-02-000SA] CP03-10 - JB,AISI 304,STANDARD,13780.98,1.2,0.06,0.36,Unit,6
30,HS05-04-04-007,CONTACTOR MOUNTING CLAMP,AV01-08-06-000SA_R1] JUNCTION BOX,AISI 304,Standard,23154.13,1.2,0.1,0.2,Unit,2
31,US04-22-10-033,CONTACTOR MOUNTING CLAMP,US04-25-10-000SA_R1] JB,AISI 304,STANDARD,7441.13,1.2,0.03,0.12,Unit,4
32,HS06-04-11-003,MCB MTG BRACKET,HS06-04-11-000SA] HS JUNCTION BOX,AISI 304,STANDARD,9201.13,1.2,0.04,0.08,Unit,2
33,,,,,,,,,,,
34,DD01-04-27-009_R1,SENSING PLATE,DD01-04-27-000SA_R2] REJECTION MECHANISM GEAR,AISI 304,STANDARD,779.44,1.5,0,0,Unit,2
35,DD01-04-46-031_R1,SENSING PLATE-3,"DD01-04-75-000SA_R2] Middle PF Left Block, DD01-04-76-000SA_R2] MIDDLE PF RIGHT BLOCK",AISI 304,STANDARD,4103.67,1.5,0.02,0.16,Unit,8
36,DD01-04-40-011_R1,SENSOR MTG BRACKET 1,DD01-04-40-000SA_R6] GANTRY PF TRAY,AISI 304,STANDARD,3545.19,1.5,0.02,0.04,Unit,2
37,DD01-04-40-016_R1,SENSOR MTG BRACKET 1,DD01-04-40-000SA_R6] GANTRY PF TRAY,AISI 304,STANDARD,3545.19,1.5,0.02,0.04,Unit,2
38,SC09-03-35-004,MOTOR ASSEMBLY SPACER-2,SC09-03-36-000SA] DOSECAR MOTOR ASSEMBLY,AISI 304,BUFFING,1490.03,1.5,0.01,0.4,Unit,40
39,SR05-00-16-007_R1,MCB MTG BRACKET,SR05-04-20-000SA] ASRS JUNCTION BOX,AISI 304,Buffing,8517.93,1.5,0.05,0.1,Unit,2
40,PR05-07-19-011,PAPER PATH TOP PART,PR05-15-20-000SA_R1] S-PART ASSEMBLY,AISI 304,MIRROR FINISH,368709.6,1.5,2.32,4.64,Unit,2
41,PR05-15-20-017,PAPER GUIDE - 2,PR05-15-20-000SA_R1] S-PART ASSEMBLY,AISI 304,MIRROR FINISH,468935.8,1.5,2.87,5.74,Unit,2
42,PR05-15-20-018,PAPER GUIDE_3_BEND,PR05-15-20-000SA_R1] S-PART ASSEMBLY,AISI 304,MIRROR FINISH,169232.12,1.5,1,2,Unit,2
43,PR05-14-20-006,RIB FOR PR05-07-19-011,PR05-15-20-000SA_R1] S-PART ASSEMBLY,AISI 304,MIRROR FINISH,881.33,1.5,0.001,0,Unit,4
44,PR05-14-20-007,RIB FOR PR05-07-19-011,PR05-15-20-000SA_R1] S-PART ASSEMBLY,AISI 304,MIRROR FINISH,2013.76,1.5,0.01,0.04,Unit,4
45,PR05-14-20-008,RIB FOR S PART - PR05-07-19-011,PR05-15-20-000SA_R1] S-PART ASSEMBLY,AISI 304,STANDARD,2039.73,1.5,0.01,0.02,Unit,2
46,PR05-14-20-009,RIB FOR S PART - PR05-07-19-002,PR05-15-20-000SA_R1] S-PART ASSEMBLY,AISI 304,MIRROR FINISH,912.88,1.5,0,0,Unit,6
47,,,,,,,,,,,
48,MFD FUNNEL GAUGE V4_R3,SMALL DRAWER V4 FUNNEL GAUGE,MD01-02-06-000SA_R3] MFD DRAWER FUNNEL,AISI 304,STANDARD,19125.6,2,0.14,1.4,Unit,10
49,DD01-01-31-021,Trolley Sliding SS Plate-1,DD01-04-31-000SA] MAIN FRAME STRUCTURE,AISI 304,STANDARD,61841.88,2,0.47,1.88,Unit,4
50,DD01-04-31-020,TROLLEY RESTING SS PLATE-1,DD01-04-31-000SA] MAIN FRAME STRUCTURE,AISI 304,STANDARD,66018.6,2,0.5,2,Unit,4
51,PR05-07-15-013,PAPER GUIDE PLATE 2,PR05-15-07-000SA] PAPER GUIDE ASSEMBLY 2,AISI 304,BUFFING,82763.02,2,0.64,1.28,Unit,2
52,PR05-07-14-017,PAPER GUIDE PLATE 2,PR05-15-14-000SA] PAPER GUIDE ASSEMBLY 1,AISI 304,Buffing,82763.27,2,0.64,1.28,Unit,2
53,PR05-15-17-001,SPRING LOADED CLAMP,PR05-15-17-000SA] SECONDARY ROLLER ASSEMBLY,AISI 304,BUFFING,31187.05,2,0.24,0.48,Unit,2
54,PR05-12-16-003,MAGNET CLAMP 2,"PR05-15-21-000SA] WIRE COVER ASSEMBLY, PR05-15-23-000SA] JB WIRE ROUTING COVER DOOR",AISI 304,Standard,4121.89,2,0.03,0.12,Unit,4
55,PR05-15-16-006,GASKET MOUNTING PLATE,PR05-15-16-000SA] PRINTER DOOR,AISI 304,Standard,29814.37,2,0.2,0.4,Unit,2
56,CL04-09-04-013,GASKET HOLDING BAR,CL04-10-04-000SA] CPLT DOOR,AISI 304,Standard,32301.49,2,0.21,0.42,Unit,2
57,PS07-06-10-031,SENSING CLAMP,PS07-26-02-000SA] PACK LOADING DOOR,AISI 304,STANDARD,1012.63,2,0.01,0.04,Unit,4
58,PS07-23-38-016,SS-EXTENDED PART 25mm,PS07-28-38-000SA] 7X4 PACK SEPARATOR TOP ASSEMBLY,AISI 304,Standard,6861.05,2,0.04,0.32,Unit,8
59,PS07-29-08-002,GASKET PLATE,"PS07-29-08-000SA] DOOR-1, PS07-28-08-000SA] DOOR-1",AISI 304,Standard,29349.49,2,0.2,0.8,Unit,4
60,UL08-07-09-012,GASKET PLATE,"UL08-08-09-000SA] UNLOADING DOOR, SR05-06-14-000SA] ASRS DOOR W/O INDICATION (LEFT), SR05-06-15-000SA] ASRS DOOR WITH INDICATION (LEFT), CP03-30-03-000SA] RIGHT SIDE CP DOOR-1 WITH INDICATION LIGHT, AV01-08-04-000SA] AV DOOR, HS06-04-08-000SA] HS DOOR",AISI 304,Standard,37798.3,2,0.26,3.12,Unit,12
61,UL07-00-14-007,FESTO SPACER,UL08-07-04-000SA] UL FESTO ASSEMBLY 200 MM AXIS,AISI 304,Standard,731.6,2,0.01,0.04,Unit,4
62,DD01-04-19-010_R2,SENSING PLATE 1,DD01-04-19-000SA_R1] SMALL HOPPER -TOP,AISI 304,STANDARD,24400.71,2,0.17,0.34,Unit,2
63,DD01-04-19-010_R3,SENSING PLATE 1,DD01-04-19-000SA_R1] SMALL HOPPER -TOP,AISI 304,STANDARD,24939.12,2,0.18,0.36,Unit,2
64,DD01-04-20-002_R1,DOOR POSITION PLATE 1,DD01-04-20-000SA_R3] SMALL HOPPER - BOTTOM-1,AISI 304,BUFFING,16681.71,2,0.12,0.24,Unit,2
65,DD01-04-20-007_R1,DOOR MTG PLATE 1,DD01-04-20-000SA_R3] SMALL HOPPER - BOTTOM-1,AISI 304,BUFFING,26901.68,2,0.2,0.4,Unit,2
66,DD01-04-20-009_R1,HOMING SENSING PLATE 1,DD01-04-20-000SA_R3] SMALL HOPPER - BOTTOM-1,AISI 304,BUFFING,2242.34,2,0.01,0.02,Unit,2
67,DD01-04-20-011_R1,DOOR MTG PLATE 2,DD01-04-20-000SA_R3] SMALL HOPPER - BOTTOM-1,AISI 304,BUFFING,26901.68,2,0.2,0.4,Unit,2
68,DD01-04-20-012_R1,DOOR POSITION PLATE 2,DD01-04-20-000SA_R3] SMALL HOPPER - BOTTOM-1,AISI 304,BUFFING,16681.71,2,0.12,0.24,Unit,2
69,DD01-04-20-013_R1,HOMING SENSING PLATE 2,DD01-04-20-000SA_R3] SMALL HOPPER - BOTTOM-1,AISI 304,BUFFING,2242.34,2,0.01,0.02,Unit,2
70,DD01-04-18-017_R3,HOME SENSOR MTG PLATE 1,DD01-04-18-000SA_R4] SMALL HOPPER,AISI 304,BUFFING,5947.22,2,0.04,0.08,Unit,2
71,DD01-04-18-020_R2,HOME SENSOR MTG PLATE 2,DD01-04-18-000SA_R4] SMALL HOPPER,AISI 304,BUFFING,5947.22,2,0.04,0.08,Unit,2
72,DD01-04-46-002,PF TRAY RACK MTG,"DD01-04-75-000SA_R2] Middle PF Left Block, DD01-04-76-000SA_R2] MIDDLE PF RIGHT BLOCK",AISI 304,STANDARD,3881.78,2,0.03,0.24,Unit,8
73,DD01-04-46-028_R1,SENSING PLATE-2,"DD01-04-75-000SA_R2] Middle PF Left Block, DD01-04-76-000SA_R2] MIDDLE PF RIGHT BLOCK",AISI 304,STANDARD,1541.93,2,0.01,0.16,Unit,16
74,DD01-04-46-034_R1,SENSOR MOUNTING CLAMP-2,"DD01-04-75-000SA_R2] Middle PF Left Block, DD01-04-76-000SA_R2] MIDDLE PF RIGHT BLOCK",AISI 304,STANDARD,4006.6,2,0.03,0.24,Unit,8
75,DD01-04-46-035_R1,SENSOR MOUNTING CLAMP-3,"DD01-04-75-000SA_R2] Middle PF Left Block, DD01-04-76-000SA_R2] MIDDLE PF RIGHT BLOCK",AISI 304,STANDARD,4002.41,2,0.03,0.24,Unit,8
76,DD01-04-46-045,POWER CONNECTOR MTG PLATE,"DD01-04-75-000SA_R2] Middle PF Left Block, DD01-04-76-000SA_R2] MIDDLE PF RIGHT BLOCK, DD01-04-46-000SA_R5] 50X50 MID PF TRAY",AISI 304,STANDARD,2058.22,2,0.01,0.18,Unit,18
77,DD01-04-46-068_R1,Cover Holding Clamp,"DD01-04-75-000SA_R2] Middle PF Left Block, DD01-04-76-000SA_R2] MIDDLE PF RIGHT BLOCK",AISI 304,STANDARD,1632.81,2,0.01,0.08,Unit,8
78,DD01-04-48-013_R1,SENSING CLAMP-1,DD01-04-48-000SA_R5] BOTTOM PF TRAY,AISI 304,STANDARD,1233.12,2,0.01,0.08,Unit,8
79,DD01-03-64-005_R1,GPU 3DP SUPPORT MTG CLAMP,DD01-04-64-000SA] CPU,AISI 304,STANDARD,5802,2,0.04,0.08,Unit,2
80,DD01-04-50-169,BOTTOM PROFILE CONNECTOR,DD01-04-50-000SA_R4] Robot Trolley,AISI 304,BUFFING,25237.68,2,0.19,0.38,Unit,2
81,DD01-04-50-203,WIRE MOUNTING CLAMP (JUNCTION BOX),DD01-04-50-000SA_R4] Robot Trolley,AISI 304,STANDARD,38043.76,2,0.29,0.58,Unit,2
82,SC09-00-51-002,WHEEL SPACER,SC09-03-13-000SA] CAR WHEEL ASSEMBLY,AISI 304,BUFFING,1569.23,2,0.01,0.4,Unit,40
83,SC09-03-35-005,MOTOR ASSEMBLY SPACER-3,SC09-03-36-000SA] DOSECAR MOTOR ASSEMBLY,AISI 304,BUFFING,1575.13,2,0.01,0.4,Unit,40
84,CS04-27-002SM_R1,SOPHOS SWITCH MTG. CLAMP 3,CS04-27-000SA_R1] CSR V4 JUNCTION BOX,AISI 304,STANDARD,6570.91,2,0.04,0.32,Unit,8
85,CS04-27-015SM,SOPHOS SWITCH MTG. CLAMP 1,CS04-27-000SA_R1] CSR V4 JUNCTION BOX,AISI 304,STANDARD,6570.91,2,0.04,0.16,Unit,4
86,CS04-27-016SM,SOPHOS SWITCH CLAMP 2,CS04-27-000SA_R1] CSR V4 JUNCTION BOX,AISI 304,STANDARD,6570.91,2,0.04,0.16,Unit,4
87,SR05-04-20-008,CONTROLLER MTG BRACKET,SR05-04-20-000SA] ASRS JUNCTION BOX,AISI 304,Buffing,31775.91,2,0.24,0.48,Unit,2
88,AV01-00-08-003,MAGNET MOUNTING PLATE,AV01-08-09-000SA] LIGHT TRAY,AISI 304,Buffing,1591.24,2,0.01,0.04,Unit,4
89,US04-21-02-022,GASKET STRIP,US04-24-02-000SA] DOOR,AISI 304,STANDARD,22263.84,2,0.15,0.6,Unit,4
90,MB04-07-14-011,GASKET PLATE,MB04-07-14-000SA_R1] DOOR ASSEMBLY,AISI 304,Standard,28868.48,2,0.19,0.38,Unit,2
91,PS07-28-01-048,PUSH BUTTON COVER-2,PS07-28-01-000SA] PS STRUCTURE,AISI 304,Buffing,14960.04,2,0.11,0.44,Unit,4
92,DD01-04-53-009,BOTTOM PF CAGE MAIN BODY,DD01-04-53-000SA_R4] FESTO BOTTOM AXIS,AISI 304,STANDARD,194291.4,2,1.51,6.04,Unit,4
93,PS07-28-01-049,PUSH BUTTON COVER-2,PS07-28-01-000SA] PS STRUCTURE,AISI 304,Buffing,4414.59,2,0.03,0.12,Unit,4
94,DD01-04-53-011,CORNER RIB BOTTOM PF CAGE,DD01-04-53-000SA_R4] FESTO BOTTOM AXIS,AISI 304,STANDARD,2049.78,2,0.01,0.16,Unit,16
95,PS07-28-15-003,2 START WARM,PS07-28-15-000SA] SEPARATING MECHANISM WITH SENSOR,AISI 304,STANDARD,7190.42,2,0.05,0.8,Unit,16
96,,,,,,,,,,,
97,DD01-04-30-018,SIDE GUIDING BALL CASTOR MTG,DD01-04-30-000SA_R3] ROBOT FRAME STRUCTURE,AISI 304,STANDARD,79061.56,3,0.9,3.6,Unit,4
98,DD01-04-35-017,UNIFI SWITCH MOUTNING CLAMP 1,DD01-04-30-000SA_R3] ROBOT FRAME STRUCTURE,AISI 304,STANDARD,6097.71,3,0.06,0.12,Unit,2
99,DD01-04-35-018,UNIFI SWITCH SUPPORTING CLAMP 2,DD01-04-30-000SA_R3] ROBOT FRAME STRUCTURE,AISI 304,STANDARAD,12725.88,3,0.13,0.26,Unit,2
100,DD01-04-35-019,UNIFI SWITCH MOUTNING CLAMP 3,DD01-04-30-000SA_R3] ROBOT FRAME STRUCTURE,AISI 304,STANDARD,6097.71,3,0.06,0.12,Unit,2
101,PR05-14-07-007,PAPER GUIDE CLMAP 2,PR05-15-07-000SA] PAPER GUIDE ASSEMBLY 2,AISI 304,BUFFING,49347.99,3,0.56,1.12,Unit,2
102,PR05-15-14-011,PAPER GUIDE CLAMP 1,PR05-15-14-000SA] PAPER GUIDE ASSEMBLY 1,AISI 304,Buffing,49347.99,3,0.56,1.12,Unit,2
103,PR05-07-13-011,REJECTION NUT SPACER,PR05-15-15-000SA] REJECTION MECHANISM,AISI 304,STANDARD,1416.47,3,0.01,0.02,Unit,2
104,PR05-12-09-008,SPACER PLATE FOR LED,PR05-15-10-000SA] PRINTER STATION STRUCTURE,AISI 304,Buffing,10256.23,3,0.1,0.2,Unit,2
105,PR05-14-20-003,PAPER PATH FIXTURE,PR05-15-20-000SA_R1] S-PART ASSEMBLY,AISI 304,Buffing,153140.02,3,1.73,6.92,Unit,4
106,CL04-10-06-001_GAUGE-BACK_VIEW,GAUGE-BACK_VIEW HOLE,CL04-10-06-000SA] LIFT TABLE LEG ASSEMBLY,AISI 304,STANDARD,128957.81,3,1.45,11.6,Unit,8
107,CL04-10-06-001_GAUGE-SIDE_VIEW,GAUGE-SIDE_VIEW HOLE,CL04-10-06-000SA] LIFT TABLE LEG ASSEMBLY,AISI 304,STANDARD,87588.64,3,0.97,7.76,Unit,8
108,PS07-23-02-002,PACK DOOR STIFFNER,PS07-26-02-000SA] PACK LOADING DOOR,AISI 304,STANDARD,169998.37,3,1.84,7.36,Unit,4
109,PS07-10-26-004,PULLEY FIXTURE-2,PS07-28-04-000SA] 7X4 MULTI-DOSE PACK SEPARATOR BOTTOM ASSEMBLY,AISI 304,Standard,4247.46,3,0.03,0.72,Unit,24
110,PS07-12-38-012,GUIDE PLATE,PS07-28-38-000SA] 7X4 PACK SEPARATOR TOP ASSEMBLY,AISI 304,Buffing,93959.23,3,1.08,8.64,Unit,8
111,PS07-14-38-003,GUIDE PLATE 02,PS07-28-38-000SA] 7X4 PACK SEPARATOR TOP ASSEMBLY,AISI 304,Buffing,27857.3,3,0.3,2.4,Unit,8
112,PS07-10-01-058_R1,PACK GUIDE SUPPORT,PS07-28-01-000SA] PS STRUCTURE,AISI 304,Buffing,52722.44,3,0.59,4.72,Unit,8
113,PS07-10-01-059_R2,PACK GUIDE SUPPORT,PS07-28-01-000SA] PS STRUCTURE,AISI 304,Buffing,26239.93,3,0.29,1.16,Unit,4
114,PS07-10-01-060_R2,PACK GUIDE SUPPORT,PS07-28-01-000SA] PS STRUCTURE,AISI 304,Buffing,26219.88,3,0.29,1.16,Unit,4
115,PS07-10-01-061_R1,PACK GUIDE SUPPORT,PS07-28-01-000SA] PS STRUCTURE,AISI 304,Buffing,127559.35,3,1.45,11.6,Unit,8
116,PS07-10-01-063_R1,PACK GUIDE SUPPORT,PS07-28-01-000SA] PS STRUCTURE,AISI 304,Buffing,50608.69,3,0.56,2.24,Unit,4
117,PS07-10-01-064_R1,PACK GUIDE SUPPORT,PS07-28-01-000SA] PS STRUCTURE,AISI 304,Buffing,50608.69,3,0.56,2.24,Unit,4
118,UL08-00-04-005,CONVEYOR SIDE GUIDE,"UL08-07-05-000SA] BELT CONVEYOR - 2, UL08-07-07-000SA] BELT CONVEYOR - 1",AISI 304,STANDARD,95673.43,3,1.09,4.36,Unit,4
119,DD01-03-16-017,CAMERA ADJUSTMENT CLAMP 1,DD01-04-16-000SA] VISION SYSTEM,AISI 304,STANDARD,5445.4,3,0.05,0.2,Unit,4
120,DD01-03-16-018,CAMERA HOLDER 1,DD01-04-16-000SA] VISION SYSTEM,AISI 304,STANDARD,5154.77,3,0.05,0.2,Unit,4
121,DD01-03-16-019,CAMERA ADJUSTMENT CLAMP 2,DD01-04-16-000SA] VISION SYSTEM,AISI 304,STANDARD,5445.4,3,0.05,0.2,Unit,4
122,DD01-03-16-038,CAMERA ADJUSTMENT CLAMP 3,DD01-04-16-000SA] VISION SYSTEM,AISI 304,STANDARD,3236.96,3,0.03,0.12,Unit,4
123,DD01-03-16-039,CAMERA HOLDER 3 S TYPE,DD01-04-16-000SA] VISION SYSTEM,AISI 304,STANDARD,5384.77,3,0.05,0.2,Unit,4
124,DD01-03-16-040,CAMERA ADJUSTMENT CLAMP 4,DD01-04-16-000SA] VISION SYSTEM,AISI 304,STANDARD,4616.22,3,0.04,0.16,Unit,4
125,DD01-04-16-007,PCB MOUNTING PLATE,DD01-04-16-000SA] VISION SYSTEM,AISI 304,STANDARD,94703.91,3,1.04,4.16,Unit,4
126,DD01-04-19-009,MOTOR MTG PLATE 1,DD01-04-19-000SA_R1] SMALL HOPPER -TOP,AISI 304,STANDARD,5089.49,3,0.05,0.2,Unit,4
127,DD01-04-18-010_R2,SENSOR MTG CLAMP - 3,DD01-04-18-000SA_R4] SMALL HOPPER,AISI 304,STANDARD,11547.74,3,0.11,0.22,Unit,2
128,DD01-04-18-014_R2,SENSOR MTG CLAMP - 4,DD01-04-18-000SA_R4] SMALL HOPPER,AISI 304,STANDARD,11579.74,3,0.11,0.22,Unit,2
129,DD01-04-46-026,MOTOR MOUNTING CLAMP,"DD01-04-75-000SA_R2] Middle PF Left Block, DD01-04-76-000SA_R2] MIDDLE PF RIGHT BLOCK",AISI 304,STANDARD,9875.82,3,0.1,0.4,Unit,4
130,DD01-04-46-027,MOTOR MOUNTING CLAMP-2,"DD01-04-75-000SA_R2] Middle PF Left Block, DD01-04-76-000SA_R2] MIDDLE PF RIGHT BLOCK",AISI 304,STANDARD,13089.2,3,0.13,0.52,Unit,4
131,DD01-04-46-032,SENSOR MOUNTING CLAMP-3,"DD01-04-75-000SA_R2] Middle PF Left Block, DD01-04-76-000SA_R2] MIDDLE PF RIGHT BLOCK",AISI 304,STANDARD,3789.06,3,0.03,0.24,Unit,8
132,DD01-04-46-033,SENSOR MOUNTING CLAMP-2,"DD01-04-75-000SA_R2] Middle PF Left Block, DD01-04-76-000SA_R2] MIDDLE PF RIGHT BLOCK",AISI 304,STANDARD,3789.06,3,0.03,0.24,Unit,8
133,DD01-03-40-020,SENSOR MTG BRACKET,DD01-04-40-000SA_R6] GANTRY PF TRAY,AISI 304,STANDARD,1307.81,3,0.01,0.04,Unit,4
134,DD01-04-51-008_R2,DRAG CHAIN MTG CLAMP 3,DD01-04-51-000SA_R6] TOP PF TRAY WITH FESTO AXIS,AISI 304,STANDARD,30170.7,3,0.34,0.68,Unit,2
135,DD01-04-51-014_R5,DRAG CHAIN MTG CLAMP 1,DD01-04-51-000SA_R6] TOP PF TRAY WITH FESTO AXIS,AISI 304,STANDARD,36174.95,3,0.4,0.8,Unit,2
136,DD01-04-53-002_R2,BTM DRAG CHAIN MTG CLAMP,DD01-04-53-000SA_R4] FESTO BOTTOM AXIS,AISI 304,STANDARD,16256.03,3,0.17,0.34,Unit,2
137,DD01-04-53-006_R2,BOTTOM PF CAGE GAUGE PLATE,DD01-04-53-000SA_R4] FESTO BOTTOM AXIS,AISI 304,STANDARD,101058.31,3,1.06,2.12,Unit,2
138,DD01-04-55-011,Car Dock,DD01-04-55-000SA_R3] MAIN TRACK ASSEMBLY,AISI 304,Buffing,84046.5,3,0.94,1.88,Unit,2
139,DD01-04-60-001,FRAME RESTING WHEEL CLAMP,DD01-04-60-000SA] TROLLY CASTER ASSMEBLY,AISI 304,BUFFING,13191.67,3,0.15,3,Unit,20
140,DD01-04-60-003,FRAME RESTING WHEEL SPACER,DD01-04-60-000SA] TROLLY CASTER ASSMEBLY,AISI 304,BUFFING,6371.97,3,0.07,1.4,Unit,20
141,DD01-02-50-123,Rear Bottom Corner Profile Support,DD01-04-81-000SA_R4] ROBOT PROFILE STRUCTURE ASSEMBLY,AISI 304,BUFFING,10754.44,3,0.11,0.88,Unit,8
142,DD01-04-50-180,30x30 FRONT CORNER SUPPORT CLAMP,DD01-04-81-000SA_R4] ROBOT PROFILE STRUCTURE ASSEMBLY,AISI 304,BUFFING,7706.44,3,0.08,0.32,Unit,4
143,DD01-04-50-163_R1,CORNER PROFILE SUPPORT,DD01-04-81-000SA_R4] ROBOT PROFILE STRUCTURE ASSEMBLY,AISI 304,BUFFING,6195.71,3,0.06,0.48,Unit,8
144,DD01-04-50-178,FRONT 30x30 CORNER PROFILE SUPPORT,DD01-04-81-000SA_R4] ROBOT PROFILE STRUCTURE ASSEMBLY,AISI 304,BUFFING,3395.57,3,0.03,0.12,Unit,4
145,DD01-04-50-040_R2,MAIN HOPPER MTG CLAMP,DD01-04-50-000SA_R4] Robot Trolley,AISI 304,BLUE POWDER COATING,40050.71,3,0.44,1.76,Unit,4
146,DD01-04-50-054_R1,TROLLEY GUIDE CLAMP,DD01-04-50-000SA_R4] Robot Trolley,AISI 304,STANDARD,37751.93,3,0.43,1.72,Unit,4
147,DD01-04-50-078_R2,FRONT COVER SUPPORT CLAMP 1,DD01-04-50-000SA_R4] Robot Trolley,AISI 304,STANDARD,9559.93,3,0.1,0.4,Unit,4
148,DD01-04-50-137_R2,BTM DRAGC CHAIN GUIDE CLAMP,DD01-04-50-000SA_R4] Robot Trolley,AISI 304,STANDARD,9599.18,3,0.1,0.2,Unit,2
149,DD01-04-50-161_R5,DRAGCHAIN MOUNTING CLAMP 4,DD01-04-50-000SA_R4] Robot Trolley,AISI 304,STANDARD,29782.09,3,0.33,0.66,Unit,2
150,DD01-04-50-170,BOTTOM PROFILE CONNECTOR,DD01-04-50-000SA_R4] Robot Trolley,AISI 304,BUFFING,20866.28,3,0.23,0.92,Unit,4
151,DD01-04-50-183,ETHERNET SWITCH MTG CLAMP,DD01-04-50-000SA_R4] Robot Trolley,AISI 304,STANDARD,31411.91,3,0.33,0.66,Unit,2
152,DD01-04-50-177,FESTO HARNESS MTG CLAMP,DD01-04-50-000SA_R4] Robot Trolley,AISI 304,BUFFING,4145.94,3,0.04,0.48,Unit,12
153,SR05-06-32-031,SENSOR MOUNTING BRACKET,SR05-06-24-000SA_R1] PUSHER ASSEMBLY,AISI 304,STANDARD,4843.19,3,0.05,0.2,Unit,4
154,AV01-00-09-005_R1,LED MOUNTING PLATE,"AV01-00-09-000SA_R2] LED ASSEMBLY, AV01-00-09-000SA_R3] LED ASSEMBLY, AV01-00-09-000SA_R4] LED ASSEMBLY",AISI 304,Buffing,24028.79,3,0.25,2,Unit,8
155,AV01-08-01-022,DOME MOUNT - 2,AV01-08-01-000SA] AV STRUCTURE,AISI 304,Buffing,53814.12,3,0.6,2.4,Unit,4
156,US04-18-08-026,BLOCK - GUIDE  CONNECTOR,US04-24-08-000SA_R2] TOP ASSEMBLY,AISI 304,Buffing,23139.99,3,0.25,2,Unit,8
157,US04-25-05-001_GAUGE-SIDE_VIEW,GAUGE-SIDE_VIEW HOLE,US04-25-05-000SA] HIWIN - US LEG ASSEMBLY,AISI 304,STANDARD,68138.89,3,0.75,12,Unit,16
158,US04-25-05-001_GAUGE-BACK_VIEW,GAUGE-BACK_VIEW HOLE,US04-25-05-000SA] HIWIN - US LEG ASSEMBLY,AISI 304,STANDARD,100316.88,3,1.12,17.92,Unit,16
159,HS05-04-01-036,SPACER FOR STOPPING SHAFT,HS06-04-01-000SA] HS MAIN STRUCTURE,AISI 304,STANDARD,811.71,3,0.01,0.04,Unit,4
160,DD01-04-23-001_R2,BIG HOPPER MOUNTING CLAMP 1,DD01-04-23-000SA_R3] HOPPER ASSEMBLY,AISI 304,BLUE POWDER COAT,64277.61,3,0.72,1.44,Unit,2
161,DD01-04-23-004_R2,BIG HOPPER MOUNTING CLAMP 2,DD01-04-23-000SA_R3] HOPPER ASSEMBLY,AISI 304,STANDARD,64281.19,3,0.72,1.44,Unit,2
162,DD01-04-50-162,BRACKET FRONT BOTTOM PROFILE PIPE,DD01-04-81-000SA_R4] ROBOT PROFILE STRUCTURE ASSEMBLY,AISI 304,BUFFING,10927.33,3,0.11,0.44,Unit,4
163,AV01-08-02-002,Camera Clamp,AV01-08-02-000SA] CAMERA ASSEMBLY,AISI 304,Buffing,48556.95,3,0.53,1.06,Unit,2
164,PR05-12-20-003,WELD PART1,PR05-15-20-000SA_R1] S-PART ASSEMBLY,AISI 304,STANDARD,18828.51,3,0.19,0.76,Unit,4
165,PR05-12-20-004,WELD PART 2,PR05-15-20-000SA_R1] S-PART ASSEMBLY,AISI 304,STANDARD,2291.03,3,0.02,0.32,Unit,16
166,PR05-12-20-005,WELD PART 3,PR05-15-20-000SA_R1] S-PART ASSEMBLY,AISI 304,STANDARD,1553.17,3,0.013,0.06,Unit,4
167,PR05-12-20-006,WELD PART 4,PR05-15-20-000SA_R1] S-PART ASSEMBLY,AISI 304,STANDARD,7015.48,3,0.066,0.14,Unit,2
168,DD01-04-23-005,DD01-04-23-004_R2_RIB,DD01-04-23-000SA_R3] HOPPER ASSEMBLY,AISI 304,STANDARD,1850.54,3,0.02,0.16,Unit,8
169,DD01-04-53-010,CONNECTOR BOTTOM PF CAGE,DD01-04-53-000SA_R4] FESTO BOTTOM AXIS,AISI 304,STANDARD,23602.83,3,0.26,1.04,Unit,4
170,AV01-08-02-003,Rib Part,AV01-08-02-000SA] CAMERA ASSEMBLY,AISI 304,Buffing,14284.62,3,0.16,0.32,Unit,2
171,,,,,,,,,,,
172,DD01-04-51-013_R6,DRAG CHAIN MTG CLAMP,DD01-04-51-000SA_R6] TOP PF TRAY WITH FESTO AXIS,AISI 304,STANDARD,13208.2,4,0.18,0.36,Unit,2
173,DD01-04-50-122,BOTTOM PROFILE T CONNECTOR,DD01-04-81-000SA_R4] ROBOT PROFILE STRUCTURE ASSEMBLY,AISI 304,BUFFING,12707.25,4,0.17,1.36,Unit,8
174,,,,,,,,,,,
175,DD01-04-50-079_R2,FRONT COVER MTG SANDWICH,DD01-04-50-000SA_R4] Robot Trolley,AISI 304,STANDARD,4667.72,5,0.07,0.28,Unit,4